Time,Queue1,Queue3
0,0,0
100,9,0
200,3,2
300,1,0
400,14,0
500,15,0
600,9,0
700,13,0
800,27,1
900,45,0
1000,44,0
1100,42,0
1200,37,0
1300,47,0
1400,54,0
1500,69,0
1600,76,2
1700,75,2
1800,74,1
1900,70,0
2000,78,0
2100,76,0
2200,80,0
2300,86,0
2400,77,0
2500,73,0
2600,74,0
2700,79,0
2800,88,0
2900,99,1
3000,95,2
3100,97,4
3200,103,0
3300,99,0
3400,103,5
3500,100,1
3600,95,4
3700,94,0
3800,103,0
3900,103,0
4000,107,0
4100,109,0
4200,113,5
4300,116,0
4400,134,3
4500,131,0
4600,133,0
4700,145,0
4800,157,4
4900,169,4
5000,172,0
5100,181,0
5200,190,1
5300,193,0
5400,186,2
5500,190,0
5600,198,1
5700,209,0
5800,224,0
5900,228,0
6000,235,4
6100,230,0
6200,228,0
6300,228,1
6400,229,0
6500,239,0
6600,253,0
6700,263,0
6800,265,0
6900,258,0
7000,268,0
7100,272,0
7200,284,6
7300,288,4
7400,289,0
7500,306,0
7600,320,2
7700,333,0
7800,337,3
7900,338,0
8000,333,0
8100,340,2
8200,332,0
8300,333,0
8400,333,0
8500,338,0
8600,355,0
8700,364,0
8800,360,0
8900,359,0
9000,351,0
9100,365,2
9200,369,0
9300,373,1
9400,386,2
9500,387,0
9600,390,1
9700,394,1
9800,409,6
9900,403,0
10000,412,0
10100,417,0
10200,429,0
10300,433,0
10400,435,0
10500,439,0
10600,449,1
10700,458,1
10800,446,0
10900,450,5
11000,456,12
11100,452,0
11200,451,0
11300,453,6
11400,462,2
11500,461,0
11600,470,2
11700,467,0
11800,474,9
11900,478,0
12000,488,5
12100,497,0
12200,495,0
12300,495,0
12400,501,0
12500,501,0
12600,501,4
12700,510,0
12800,512,0
12900,512,0
13000,515,0
13100,522,0
13200,516,0
13300,523,0
13400,535,0
13500,542,0
13600,563,2
13700,585,11
13800,587,0
13900,600,4
14000,602,0
14100,595,0
14200,592,0
14300,593,0
14400,598,0
14500,600,0
14600,605,3
14700,613,0
14800,614,0
14900,617,0
15000,616,0
15100,621,0
15200,602,0
15300,606,2
15400,616,4
15500,623,2
15600,630,0
15700,629,0
15800,635,0
15900,639,0
16000,646,0
16100,645,0
16200,636,0
16300,635,0
16400,647,2
16500,633,0
16600,637,1
16700,643,0
16800,649,0
16900,635,0
17000,649,0
17100,652,1
17200,654,0
17300,652,5
17400,647,0
17500,642,0
17600,643,0
17700,654,0
17800,652,0
17900,670,0
18000,676,2
18100,679,0
18200,677,0
18300,682,0
18400,690,4
18500,690,0
18600,700,2
18700,701,3
18800,711,0
18900,710,0
19000,719,0
19100,724,0
19200,739,0
19300,749,0
19400,760,7
19500,762,0
19600,766,0
19700,769,5
19800,782,8
19900,779,3
20000,770,0
20100,772,0
20200,769,0
20300,776,1
20400,781,0
20500,790,1
20600,787,3
20700,805,0
20800,819,0
20900,828,3
21000,842,0
21100,837,0
21200,840,2
21300,852,6
21400,858,1
21500,856,0
21600,867,0
21700,866,0
21800,871,0
21900,877,0
22000,872,0
22100,867,1
22200,879,3
22300,892,0
22400,900,5
22500,903,0
22600,906,0
22700,896,0
22800,899,0
22900,903,3
23000,907,0
23100,899,0
23200,915,1
23300,930,5
23400,919,0
23500,928,0
23600,925,3
23700,934,0
23800,940,2
23900,945,0
24000,954,0
24100,956,0
24200,978,0
24300,989,4
24400,995,1
24500,988,0
24600,1009,0
24700,1018,0
24800,1026,0
24900,1028,1
25000,1027,0
25100,1019,0
25200,1022,0
25300,1019,1
25400,1016,0
25500,1027,0
25600,1020,0
25700,1028,0
25800,1046,0
25900,1055,0
26000,1062,0
26100,1072,2
26200,1083,0
26300,1096,0
26400,1085,0
26500,1085,0
26600,1091,0
26700,1099,0
26800,1096,1
26900,1105,8
27000,1108,0
27100,1111,0
27200,1128,0
27300,1136,0
27400,1131,0
27500,1133,2
27600,1130,0
27700,1132,0
27800,1143,0
27900,1156,4
28000,1160,3
28100,1153,0
28200,1157,0
28300,1154,2
28400,1155,0
28500,1155,0
28600,1150,1
28700,1153,4
28800,1151,0
28900,1163,4
29000,1172,1
29100,1170,0
29200,1172,0
29300,1171,2
29400,1169,0
29500,1182,2
29600,1183,0
29700,1182,1
29800,1190,3
29900,1194,0
30000,1194,0
30100,1207,0
30200,1214,0
30300,1227,7
30400,1236,5
30500,1241,3
30600,1241,0
30700,1262,22
30800,1264,10
30900,1259,0
31000,1266,0
31100,1262,0
31200,1277,0
31300,1277,0
31400,1285,3
31500,1273,1
31600,1276,8
31700,1276,0
31800,1284,0
31900,1291,0
32000,1302,2
32100,1305,4
32200,1317,0
32300,1335,4
32400,1336,3
32500,1347,4
32600,1349,0
32700,1358,2
32800,1365,1
32900,1370,0
33000,1369,0
33100,1374,0
33200,1395,1
33300,1411,0
33400,1414,0
33500,1404,2
33600,1410,0
33700,1421,0
33800,1427,0
33900,1429,2
34000,1434,0
34100,1439,0
34200,1456,0
34300,1452,0
34400,1450,0
34500,1450,0
34600,1455,0
34700,1466,2
34800,1466,2
34900,1481,0
35000,1483,0
35100,1488,3
35200,1490,0
35300,1498,2
35400,1500,7
35500,1501,0
35600,1512,0
35700,1513,1
35800,1516,1
35900,1518,0
36000,1535,0
36100,1535,0
36200,1539,3
36300,1540,0
36400,1543,0
36500,1555,2
36600,1573,0
36700,1587,0
36800,1588,0
36900,1597,0
37000,1603,0
37100,1603,0
37200,1623,0
37300,1624,3
37400,1635,2
37500,1629,0
37600,1639,0
37700,1642,0
37800,1637,1
37900,1642,1
38000,1637,0
38100,1651,0
38200,1642,0
38300,1653,2
38400,1645,0
38500,1649,0
38600,1653,0
38700,1665,2
38800,1670,1
38900,1675,0
39000,1667,0
39100,1672,0
39200,1670,0
39300,1672,0
39400,1679,0
39500,1689,1
39600,1695,5
39700,1708,5
39800,1715,0
39900,1728,1
40000,1736,5
40100,1738,0
40200,1752,4
40300,1750,0
40400,1749,0
40500,1765,10
40600,1769,3
40700,1779,0
40800,1782,0
40900,1785,4
41000,1784,0
41100,1778,0
41200,1789,0
41300,1782,0
41400,1775,0
41500,1783,0
41600,1785,3
41700,1799,0
41800,1810,0
41900,1809,4
42000,1806,0
42100,1805,5
42200,1816,0
42300,1827,0
42400,1829,0
42500,1825,2
42600,1824,0
42700,1834,4
42800,1836,0
42900,1841,2
43000,1842,0
43100,1844,1
43200,1844,0
43300,1852,4
43400,1851,0
43500,1848,0
43600,1859,0
43700,1859,0
43800,1861,6
43900,1864,0
44000,1871,0
44100,1879,0
44200,1882,0
44300,1894,0
44400,1900,0
44500,1907,4
44600,1915,2
44700,1924,0
44800,1926,0
44900,1928,3
45000,1936,3
45100,1946,0
45200,1955,0
45300,1963,0
45400,1958,0
45500,1955,0
45600,1957,1
45700,1966,0
45800,1984,2
45900,1995,0
46000,2004,0
46100,1999,0
46200,1991,0
46300,1990,0
46400,1985,2
46500,1971,0
46600,1982,0
46700,1985,0
46800,1992,0
46900,2000,3
47000,2008,0
47100,1993,0
47200,1992,1
47300,1986,0
47400,1985,0
47500,1993,0
47600,2006,0
47700,1994,0
47800,2010,6
47900,2013,0
48000,2016,4
48100,2013,0
48200,2015,2
48300,2031,0
48400,2026,0
48500,2032,4
48600,2037,7
48700,2040,7
48800,2040,0
48900,2049,0
49000,2052,0
49100,2052,0
49200,2055,0
49300,2045,0
49400,2049,10
49500,2054,0
49600,2052,0
49700,2059,0
49800,2073,5
49900,2086,4
50000,2097,0
50100,2100,0
50200,2113,0
50300,2107,0
50400,2108,1
50500,2122,0
50600,2135,3
50700,2141,0
50800,2148,1
50900,2145,0
51000,2147,4
51100,2162,0
51200,2158,0
51300,2152,0
51400,2139,0
51500,2131,3
51600,2132,3
51700,2136,0
51800,2138,1
51900,2147,0
52000,2156,4
52100,2147,0
52200,2152,0
52300,2151,0
52400,2161,6
52500,2172,6
52600,2182,2
52700,2174,0
52800,2169,4
52900,2175,0
53000,2179,1
53100,2183,0
53200,2183,0
53300,2187,0
53400,2195,0
53500,2185,0
53600,2180,0
53700,2183,0
53800,2193,0
53900,2207,1
54000,2213,0
54100,2216,2
54200,2221,2
54300,2223,0
54400,2236,3
54500,2252,1
54600,2244,0
54700,2250,2
54800,2252,0
54900,2266,3
55000,2266,0
55100,2271,0
55200,2278,0
55300,2264,0
55400,2271,2
55500,2274,0
55600,2282,0
55700,2291,0
55800,2299,3
55900,2301,0
56000,2302,0
56100,2306,1
56200,2302,1
56300,2319,0
56400,2319,0
56500,2322,1
56600,2329,0
56700,2330,4
56800,2328,8
56900,2337,6
57000,2333,0
57100,2334,0
57200,2344,0
57300,2354,0
57400,2361,0
57500,2355,0
57600,2366,0
57700,2367,0
57800,2377,0
57900,2382,0
58000,2382,7
58100,2381,1
58200,2382,3
58300,2385,0
58400,2383,4
58500,2387,0
58600,2386,0
58700,2384,0
58800,2383,0
58900,2392,0
59000,2393,0
59100,2391,0
59200,2397,1
59300,2396,0
59400,2406,0
59500,2413,0
59600,2415,0
59700,2407,0
59800,2411,2
59900,2412,0
60000,2421,0
60100,2426,0
60200,2438,2
60300,2440,1
60400,2435,0
60500,2440,1
60600,2457,7
60700,2466,0
60800,2472,0
60900,2478,1
61000,2475,4
61100,2476,0
61200,2484,0
61300,2495,0
61400,2499,0
61500,2505,0
61600,2517,6
61700,2513,0
61800,2515,0
61900,2516,1
62000,2527,0
62100,2522,2
62200,2519,2
62300,2530,3
62400,2536,0
62500,2538,0
62600,2542,2
62700,2542,1
62800,2551,0
62900,2551,0
63000,2550,0
63100,2553,0
63200,2559,0
63300,2572,5
63400,2586,1
63500,2596,0
63600,2608,0
63700,2611,0
63800,2611,4
63900,2610,0
64000,2625,0
64100,2628,3
64200,2632,2
64300,2642,0
64400,2650,0
64500,2654,0
64600,2645,0
64700,2646,0
64800,2643,0
64900,2644,0
65000,2644,2
65100,2650,4
65200,2652,0
65300,2657,0
65400,2657,4
65500,2662,0
65600,2671,0
65700,2674,0
65800,2679,0
65900,2690,0
66000,2698,0
66100,2701,4
66200,2706,0
66300,2701,0
66400,2712,3
66500,2718,0
66600,2719,0
66700,2713,0
66800,2716,1
66900,2724,0
67000,2724,5
67100,2725,0
67200,2716,0
67300,2720,0
67400,2734,0
67500,2744,2
67600,2761,2
67700,2776,0
67800,2797,0
67900,2799,0
68000,2799,0
68100,2798,1
68200,2798,0
68300,2803,0
68400,2798,0
68500,2793,0
68600,2798,2
68700,2803,0
68800,2800,0
68900,2805,2
69000,2820,0
69100,2827,0
69200,2828,0
69300,2825,0
69400,2828,0
69500,2836,4
69600,2833,0
69700,2853,0
69800,2857,0
69900,2865,0
70000,2862,0
70100,2872,0
70200,2867,0
70300,2879,0
70400,2884,0
70500,2878,0
70600,2891,7
70700,2889,0
70800,2897,0
70900,2895,0
71000,2899,0
71100,2906,0
71200,2920,4
71300,2924,2
71400,2937,3
71500,2941,0
71600,2948,2
71700,2953,0
71800,2958,0
71900,2958,0
72000,2957,0
72100,2964,0
72200,2976,0
72300,2974,0
72400,2975,0
72500,2978,0
72600,2980,0
72700,2992,0
72800,3000,0
72900,2993,0
73000,3003,1
73100,3006,1
73200,3002,0
73300,3013,0
73400,3021,1
73500,3030,0
73600,3034,0
73700,3043,8
73800,3047,0
73900,3047,0
74000,3040,0
74100,3037,0
74200,3041,8
74300,3040,0
74400,3049,3
74500,3054,0
74600,3053,0
74700,3065,3
74800,3072,4
74900,3074,0
75000,3072,1
75100,3073,0
75200,3080,0
75300,3091,0
75400,3091,0
75500,3092,0
75600,3097,0
75700,3090,0
75800,3106,0
75900,3112,0
76000,3108,4
76100,3124,3
76200,3132,0
76300,3145,0
76400,3151,0
76500,3139,0
76600,3151,0
76700,3156,2
76800,3167,0
76900,3178,1
77000,3189,0
77100,3189,1
77200,3198,0
77300,3202,0
77400,3209,0
77500,3210,0
77600,3220,0
77700,3217,0
77800,3222,0
77900,3228,1
78000,3226,1
78100,3238,0
78200,3244,0
78300,3248,0
78400,3264,0
78500,3267,0
78600,3270,0
78700,3271,0
78800,3284,0
78900,3296,0
79000,3286,0
79100,3288,0
79200,3287,3
79300,3302,5
79400,3307,0
79500,3315,5
79600,3322,0
79700,3319,0
79800,3333,1
79900,3332,0
80000,3342,4
80100,3339,0
80200,3342,0
80300,3351,0
80400,3356,0
80500,3367,0
80600,3366,0
80700,3371,0
80800,3385,0
80900,3393,0
81000,3397,2
81100,3387,0
81200,3392,0
81300,3385,2
81400,3385,0
81500,3389,0
81600,3393,0
81700,3395,0
81800,3402,0
81900,3404,0
82000,3408,2
82100,3405,0
82200,3408,0
82300,3413,2
82400,3414,0
82500,3406,2
82600,3406,0
82700,3415,0
82800,3432,3
82900,3434,0
83000,3442,1
83100,3453,0
83200,3457,1
83300,3463,1
83400,3467,0
83500,3480,0
83600,3466,1
83700,3472,0
83800,3463,0
83900,3464,0
84000,3457,0
84100,3448,0
84200,3442,0
84300,3436,0
84400,3430,3
84500,3425,0
84600,3419,0
84700,3425,0
84800,3435,0
84900,3447,0
85000,3449,0
85100,3463,1
85200,3456,2
85300,3462,0
85400,3463,0
85500,3468,1
85600,3474,2
85700,3480,0
85800,3493,0
85900,3502,6
86000,3503,0
86100,3509,3
86200,3510,0
86300,3518,0
86400,3528,0
86500,3522,0
86600,3529,2
86700,3528,0
86800,3532,1
86900,3535,3
87000,3533,1
87100,3539,2
87200,3535,0
87300,3531,2
87400,3532,0
87500,3547,0
87600,3546,0
87700,3549,2
87800,3549,0
87900,3555,0
88000,3558,0
88100,3566,6
88200,3572,1
88300,3585,3
88400,3584,3
88500,3582,3
88600,3582,0
88700,3586,0
88800,3590,0
88900,3591,0
89000,3592,3
89100,3582,0
89200,3586,4
89300,3598,4
89400,3599,0
89500,3603,7
89600,3606,0
89700,3611,4
89800,3607,0
89900,3611,0
90000,3610,0
90100,3607,0
90200,3607,0
90300,3624,0
90400,3628,0
90500,3640,0
90600,3647,0
90700,3655,0
90800,3653,0
90900,3663,4
91000,3675,0
91100,3684,0
91200,3693,0
91300,3695,6
91400,3690,1
91500,3703,0
91600,3712,0
91700,3717,0
91800,3722,0
91900,3734,0
92000,3736,1
92100,3733,0
92200,3738,0
92300,3742,0
92400,3740,0
92500,3735,0
92600,3735,0
92700,3725,0
92800,3737,4
92900,3730,0
93000,3737,3
93100,3746,0
93200,3753,1
93300,3757,1
93400,3743,0
93500,3739,0
93600,3751,0
93700,3754,0
93800,3763,13
93900,3769,6
94000,3759,0
94100,3760,0
94200,3761,0
94300,3759,0
94400,3782,3
94500,3786,0
94600,3793,1
94700,3805,0
94800,3797,0
94900,3811,1
95000,3810,0
95100,3808,0
95200,3823,0
95300,3824,1
95400,3825,0
95500,3825,0
95600,3832,2
95700,3844,1
95800,3856,0
95900,3862,0
96000,3859,0
96100,3862,0
96200,3867,0
96300,3865,0
96400,3862,0
96500,3862,0
96600,3866,2
96700,3865,0
96800,3876,0
96900,3888,0
97000,3888,0
97100,3881,0
97200,3881,0
97300,3890,0
97400,3890,6
97500,3890,0
97600,3890,0
97700,3892,5
97800,3899,0
97900,3913,0
98000,3919,1
98100,3919,0
98200,3926,0
98300,3927,7
98400,3924,0
98500,3936,0
98600,3926,0
98700,3924,0
98800,3917,1
98900,3931,3
99000,3937,0
99100,3947,0
99200,3954,0
99300,3959,0
99400,3967,0
99500,3972,0
99600,3961,0
99700,3965,0
99800,3974,0
99900,3978,0
