Time,Регулярный,Пуассоновский,Эрланга 3-го порядка
0,0,0,0
100,44,9,11
200,84,4,16
300,121,4,28
400,163,3,40
500,197,6,53
600,235,1,47
700,270,5,49
800,314,11,45
900,354,4,41
1000,394,11,54
1100,427,9,60
1200,467,14,63
1300,499,23,71
1400,545,29,74
1500,590,35,73
1600,639,34,75
1700,683,44,88
1800,720,46,91
1900,753,48,104
2000,785,49,112
2100,818,46,120
2200,861,47,118
2300,895,57,135
2400,935,59,136
2500,973,64,144
2600,1006,66,158
2700,1047,68,158
2800,1080,72,160
2900,1116,81,163
3000,1146,77,167
3100,1180,83,163
3200,1223,92,165
3300,1268,84,166
3400,1317,80,182
3500,1357,62,185
3600,1395,60,189
3700,1431,69,196
3800,1469,75,205
3900,1510,85,213
4000,1547,82,214
4100,1578,82,217
4200,1607,86,214
4300,1639,94,222
4400,1675,103,232
4500,1718,101,247
4600,1764,105,255
4700,1800,102,262
4800,1847,108,268
4900,1879,105,266
5000,1914,105,265
5100,1959,103,274
5200,1991,98,284
5300,2033,90,294
5400,2073,89,300
5500,2112,89,297
5600,2155,80,319
5700,2191,80,326
5800,2230,75,332
5900,2267,69,339
6000,2308,78,341
6100,2351,85,348
6200,2385,82,361
6300,2424,87,374
6400,2462,94,376
6500,2502,88,381
6600,2548,95,394
6700,2586,92,395
6800,2634,86,399
6900,2676,83,402
7000,2721,80,407
7100,2762,78,419
7200,2797,78,435
7300,2838,85,446
7400,2872,83,448
7500,2905,82,456
7600,2941,85,463
7700,2982,94,465
7800,3017,104,469
7900,3056,108,477
8000,3096,104,481
8100,3127,102,490
8200,3171,107,509
8300,3210,105,512
8400,3255,106,526
8500,3295,109,530
8600,3343,99,535
8700,3379,103,551
8800,3418,104,564
8900,3453,100,566
9000,3495,103,570
9100,3536,109,570
9200,3581,118,565
9300,3620,126,566
9400,3659,142,563
9500,3701,143,564
9600,3740,145,566
9700,3782,141,565
9800,3819,147,577
9900,3854,139,584
10000,3902,154,587
10100,3946,156,585
10200,3978,137,586
10300,4016,127,595
10400,4051,128,595
10500,4096,142,593
10600,4137,137,597
10700,4179,143,607
10800,4213,136,601
10900,4245,136,609
11000,4286,142,615
11100,4334,147,614
11200,4375,137,629
11300,4423,143,628
11400,4462,137,631
11500,4498,123,641
11600,4537,127,646
11700,4583,132,649
11800,4624,126,650
11900,4667,126,654
12000,4706,126,657
12100,4741,127,656
12200,4774,141,654
12300,4812,159,672
12400,4849,155,673
12500,4895,146,665
12600,4933,144,681
12700,4976,148,681
12800,5021,147,690
12900,5056,133,689
13000,5096,130,693
13100,5135,135,714
13200,5178,135,716
13300,5216,141,723
13400,5255,135,725
13500,5292,129,733
13600,5334,121,728
13700,5364,123,746
13800,5408,127,744
13900,5440,130,748
14000,5474,135,759
14100,5510,125,755
14200,5544,128,759
14300,5587,130,767
14400,5618,130,775
14500,5651,124,772
14600,5685,120,776
14700,5722,111,781
14800,5751,107,790
14900,5788,95,802
15000,5823,103,812
15100,5860,97,808
15200,5898,102,813
15300,5944,100,830
15400,5992,106,838
15500,6025,101,842
15600,6059,103,847
15700,6105,107,854
15800,6139,95,855
15900,6176,93,865
16000,6212,88,868
16100,6252,88,865
16200,6290,94,869
16300,6325,98,876
16400,6366,90,877
16500,6397,91,887
16600,6431,92,889
16700,6468,97,898
16800,6511,103,903
16900,6555,104,911
17000,6597,97,920
17100,6645,108,921
17200,6686,109,922
17300,6721,115,927
17400,6759,102,929
17500,6798,100,934
17600,6835,93,935
17700,6875,84,941
17800,6909,69,946
17900,6946,65,954
18000,6986,70,958
18100,7022,68,960
18200,7062,69,975
18300,7104,68,979
18400,7139,80,982
18500,7174,85,989
18600,7215,91,998
18700,7255,90,1006
18800,7299,79,1010
18900,7341,92,1011
19000,7382,95,1018
19100,7418,96,1021
19200,7465,98,1022
19300,7505,103,1022
19400,7546,111,1030
19500,7586,121,1031
19600,7620,123,1042
19700,7664,125,1049
19800,7698,108,1049
19900,7734,103,1054
20000,7770,109,1061
20100,7804,106,1054
20200,7833,109,1071
20300,7866,105,1081
20400,7901,112,1089
20500,7932,123,1086
20600,7975,122,1102
20700,8016,115,1110
20800,8053,116,1113
20900,8090,122,1113
21000,8124,139,1112
21100,8164,140,1125
21200,8201,137,1133
21300,8236,128,1146
21400,8271,135,1144
21500,8313,135,1149
21600,8354,140,1150
21700,8388,142,1156
21800,8420,149,1169
21900,8461,157,1175
22000,8499,152,1197
22100,8537,157,1197
22200,8576,156,1201
22300,8616,164,1212
22400,8654,163,1217
22500,8690,157,1225
22600,8727,151,1239
22700,8761,150,1239
22800,8790,154,1249
22900,8825,165,1248
23000,8864,163,1251
23100,8904,165,1251
23200,8945,163,1255
23300,8980,170,1253
23400,9019,168,1250
23500,9055,182,1248
23600,9092,192,1254
23700,9122,210,1269
23800,9163,205,1278
23900,9206,205,1283
24000,9246,205,1291
24100,9282,197,1306
24200,9330,207,1303
24300,9364,212,1304
24400,9402,217,1305
24500,9444,226,1312
24600,9479,233,1324
24700,9523,227,1333
24800,9568,211,1340
24900,9612,211,1350
25000,9651,215,1359
25100,9687,209,1353
25200,9720,207,1351
25300,9756,205,1357
25400,9792,211,1358
25500,9832,197,1358
25600,9874,183,1365
25700,9916,186,1367
25800,9958,194,1375
25900,9991,187,1379
26000,10033,181,1379
26100,10078,190,1383
26200,10124,198,1389
26300,10160,197,1397
26400,10199,192,1402
26500,10236,200,1406
26600,10281,195,1402
26700,10317,194,1416
26800,10351,191,1431
26900,10397,201,1433
27000,10432,209,1430
27100,10469,212,1429
27200,10514,210,1423
27300,10551,217,1434
27400,10593,221,1442
27500,10630,222,1447
27600,10671,228,1450
27700,10704,236,1460
27800,10747,235,1466
27900,10777,239,1475
28000,10818,240,1488
28100,10853,249,1492
28200,10889,244,1501
28300,10923,250,1507
28400,10967,252,1512
28500,11012,267,1518
28600,11055,270,1515
28700,11092,259,1525
28800,11126,256,1532
28900,11164,260,1541
29000,11206,264,1548
29100,11239,265,1559
29200,11283,256,1562
29300,11329,265,1576
29400,11367,263,1585
29500,11400,259,1588
29600,11440,254,1600
29700,11476,265,1604
29800,11517,268,1603
29900,11554,273,1610
30000,11591,276,1614
30100,11636,260,1621
30200,11684,264,1625
30300,11719,271,1633
30400,11758,268,1642
30500,11797,263,1651
30600,11828,273,1658
30700,11868,263,1654
30800,11907,272,1656
30900,11947,278,1655
31000,11982,281,1653
31100,12020,286,1650
31200,12056,266,1657
31300,12106,264,1664
31400,12139,267,1671
31500,12178,274,1681
31600,12211,277,1689
31700,12251,286,1690
31800,12293,285,1703
31900,12329,296,1716
32000,12365,308,1722
32100,12399,308,1726
32200,12441,306,1738
32300,12476,302,1742
32400,12525,316,1755
32500,12573,311,1765
32600,12613,324,1760
32700,12656,320,1766
32800,12693,316,1773
32900,12736,308,1783
33000,12773,302,1782
33100,12814,306,1780
33200,12848,320,1784
33300,12892,324,1775
33400,12930,312,1782
33500,12969,304,1787
33600,13001,309,1801
33700,13036,320,1816
33800,13070,319,1832
33900,13118,314,1842
34000,13159,327,1842
34100,13200,321,1839
34200,13236,324,1850
34300,13273,333,1853
34400,13308,339,1860
34500,13343,327,1868
34600,13383,332,1869
34700,13425,341,1876
34800,13462,349,1876
34900,13503,344,1887
35000,13542,352,1888
35100,13576,347,1885
35200,13612,351,1893
35300,13655,350,1894
35400,13704,348,1903
35500,13738,342,1897
35600,13780,352,1907
35700,13826,347,1921
35800,13862,334,1927
35900,13901,345,1936
36000,13942,343,1934
36100,13977,337,1947
36200,14011,342,1961
36300,14051,345,1964
36400,14088,360,1967
36500,14124,367,1966
36600,14172,376,1977
36700,14210,381,1994
36800,14260,381,1996
36900,14297,382,2015
37000,14330,383,2020
37100,14368,382,2030
37200,14414,377,2027
37300,14453,385,2035
37400,14493,382,2038
37500,14532,383,2050
37600,14567,398,2056
37700,14608,402,2056
37800,14645,404,2071
37900,14688,410,2072
38000,14721,415,2079
38100,14760,414,2073
38200,14800,418,2077
38300,14844,413,2081
38400,14890,417,2081
38500,14928,414,2089
38600,14959,420,2089
38700,14990,428,2078
38800,15032,432,2076
38900,15072,431,2080
39000,15104,429,2091
39100,15142,442,2093
39200,15181,451,2093
39300,15223,455,2099
39400,15265,451,2099
39500,15307,447,2107
39600,15341,456,2119
39700,15375,445,2132
39800,15412,443,2136
39900,15451,439,2149
40000,15490,450,2153
40100,15535,458,2151
40200,15572,449,2161
40300,15617,449,2161
40400,15656,435,2171
40500,15691,458,2184
40600,15724,454,2191
40700,15768,456,2199
40800,15812,461,2201
40900,15857,459,2215
41000,15898,458,2228
41100,15928,455,2234
41200,15965,452,2241
41300,15998,447,2243
41400,16041,452,2256
41500,16071,451,2259
41600,16112,463,2254
41700,16144,465,2254
41800,16183,458,2244
41900,16219,455,2266
42000,16257,455,2271
42100,16295,470,2289
42200,16343,464,2288
42300,16387,456,2298
42400,16422,458,2303
42500,16462,460,2305
42600,16497,463,2314
42700,16528,468,2315
42800,16565,475,2323
42900,16610,472,2328
43000,16644,475,2348
43100,16679,471,2357
43200,16714,455,2365
43300,16760,454,2375
43400,16804,466,2384
43500,16847,461,2387
43600,16886,462,2394
43700,16924,465,2406
43800,16962,471,2409
43900,17002,473,2416
44000,17049,488,2425
44100,17084,478,2435
44200,17119,488,2450
44300,17155,487,2463
44400,17202,488,2471
44500,17236,492,2468
44600,17276,491,2454
44700,17314,486,2455
44800,17349,490,2456
44900,17392,499,2458
45000,17426,496,2462
45100,17469,505,2469
45200,17504,497,2482
45300,17545,491,2491
45400,17586,485,2488
45500,17618,494,2491
45600,17656,493,2496
45700,17698,494,2503
45800,17733,487,2511
45900,17763,483,2518
46000,17797,500,2522
46100,17840,511,2530
46200,17883,514,2529
46300,17915,516,2532
46400,17963,516,2532
46500,18002,502,2528
46600,18051,503,2540
46700,18091,495,2534
46800,18128,497,2533
46900,18171,503,2533
47000,18207,508,2537
47100,18245,511,2540
47200,18285,513,2550
47300,18322,517,2553
47400,18361,508,2553
47500,18404,512,2563
47600,18430,513,2569
47700,18477,510,2570
47800,18508,511,2567
47900,18545,528,2576
48000,18578,537,2572
48100,18616,545,2580
48200,18651,542,2587
48300,18698,541,2593
48400,18728,547,2593
48500,18761,548,2604
48600,18796,554,2610
48700,18830,564,2613
48800,18866,564,2622
48900,18904,554,2623
49000,18942,551,2627
49100,18985,558,2628
49200,19013,557,2639
49300,19049,552,2642
49400,19087,558,2648
49500,19118,567,2651
49600,19156,566,2648
49700,19199,566,2654
49800,19248,573,2660
49900,19292,581,2667
50000,19336,587,2676
50100,19368,596,2678
50200,19411,596,2685
50300,19445,598,2685
50400,19486,600,2690
50500,19523,598,2685
50600,19563,607,2686
50700,19597,598,2683
50800,19639,595,2679
50900,19686,601,2680
51000,19720,616,2678
51100,19750,620,2682
51200,19784,620,2695
51300,19827,620,2703
51400,19864,637,2716
51500,19908,632,2721
51600,19953,636,2731
51700,19998,633,2735
51800,20038,646,2740
51900,20084,652,2746
52000,20125,654,2751
52100,20161,669,2764
52200,20198,669,2765
52300,20244,667,2752
52400,20275,667,2755
52500,20316,674,2760
52600,20362,681,2772
52700,20404,674,2769
52800,20435,671,2774
52900,20470,679,2774
53000,20512,691,2781
53100,20539,696,2790
53200,20577,699,2798
53300,20617,690,2798
53400,20652,678,2797
53500,20686,676,2802
53600,20719,671,2815
53700,20756,679,2819
53800,20794,678,2818
53900,20830,680,2830
54000,20867,686,2835
54100,20920,698,2839
54200,20956,698,2848
54300,21002,705,2848
54400,21048,701,2846
54500,21085,697,2846
54600,21122,699,2844
54700,21154,705,2841
54800,21187,707,2843
54900,21233,709,2837
55000,21271,711,2840
55100,21307,716,2850
55200,21351,731,2861
55300,21387,741,2861
55400,21418,735,2867
55500,21457,744,2879
55600,21490,756,2893
55700,21530,752,2895
55800,21571,754,2905
55900,21609,760,2903
56000,21640,749,2900
56100,21676,754,2912
56200,21717,765,2914
56300,21752,769,2930
56400,21785,781,2936
56500,21826,776,2942
56600,21871,781,2950
56700,21904,792,2953
56800,21940,793,2961
56900,21979,803,2969
57000,22029,804,2966
57100,22072,810,2975
57200,22111,811,2980
57300,22151,817,2988
57400,22190,814,2989
57500,22227,813,2995
57600,22260,825,3004
57700,22301,831,3010
57800,22330,828,3001
57900,22369,825,3020
58000,22406,825,3022
58100,22450,818,3032
58200,22492,818,3033
58300,22532,824,3039
58400,22570,825,3047
58500,22608,822,3050
58600,22645,825,3062
58700,22684,822,3074
58800,22724,816,3071
58900,22765,820,3076
59000,22808,820,3096
59100,22847,805,3111
59200,22884,799,3118
59300,22916,790,3127
59400,22955,789,3131
59500,23002,790,3146
59600,23044,789,3154
59700,23086,793,3162
59800,23123,794,3168
59900,23160,803,3174
60000,23199,814,3175
60100,23242,823,3177
60200,23279,831,3179
60300,23322,835,3174
60400,23354,826,3177
60500,23397,830,3183
60600,23442,843,3189
60700,23478,836,3185
60800,23516,837,3179
60900,23549,837,3175
61000,23580,843,3183
61100,23617,836,3195
61200,23646,826,3199
61300,23685,828,3196
61400,23727,828,3215
61500,23774,822,3226
61600,23808,825,3241
61700,23848,824,3253
61800,23886,827,3259
61900,23925,823,3257
62000,23968,826,3259
62100,24012,832,3265
62200,24051,846,3274
62300,24087,846,3290
62400,24129,861,3297
62500,24153,875,3305
62600,24187,892,3305
62700,24223,892,3313
62800,24254,897,3331
62900,24294,902,3333
63000,24331,900,3340
63100,24371,897,3347
63200,24417,912,3361
63300,24451,906,3366
63400,24493,917,3367
63500,24532,910,3364
63600,24565,921,3376
63700,24602,934,3384
63800,24644,940,3386
63900,24685,930,3389
64000,24729,939,3396
64100,24765,935,3402
64200,24801,947,3401
64300,24839,942,3408
64400,24882,944,3416
64500,24918,943,3418
64600,24957,941,3431
64700,24998,947,3444
64800,25030,943,3449
64900,25064,921,3460
65000,25107,908,3472
65100,25147,914,3476
65200,25192,923,3482
65300,25232,928,3492
65400,25274,926,3480
65500,25318,931,3479
65600,25363,925,3483
65700,25402,935,3483
65800,25450,940,3486
65900,25495,953,3499
66000,25533,953,3511
66100,25575,960,3516
66200,25607,970,3530
66300,25640,972,3537
66400,25684,963,3537
66500,25719,970,3536
66600,25757,975,3547
66700,25792,970,3546
66800,25816,982,3551
66900,25866,986,3555
67000,25906,968,3564
67100,25950,979,3567
67200,25986,970,3555
67300,26029,962,3560
67400,26069,958,3551
67500,26102,967,3555
67600,26145,954,3546
67700,26184,955,3555
67800,26230,963,3564
67900,26271,976,3575
68000,26307,980,3586
68100,26346,985,3586
68200,26388,988,3595
68300,26428,993,3604
68400,26463,1001,3610
68500,26495,1009,3609
68600,26538,1005,3611
68700,26578,1007,3609
68800,26613,1016,3615
68900,26655,1019,3624
69000,26691,1023,3634
69100,26731,1027,3644
69200,26766,1034,3653
69300,26808,1035,3662
69400,26853,1023,3671
69500,26900,1033,3674
69600,26933,1027,3674
69700,26976,1018,3686
69800,27013,1004,3693
69900,27057,1008,3704
70000,27095,1012,3726
70100,27136,1011,3728
70200,27179,1016,3725
70300,27216,1013,3745
70400,27251,1014,3752
70500,27285,1009,3762
70600,27326,1004,3771
70700,27369,1004,3776
70800,27410,995,3779
70900,27447,1003,3793
71000,27481,1006,3797
71100,27520,1013,3794
71200,27560,1020,3802
71300,27594,1008,3810
71400,27624,1010,3817
71500,27668,1009,3827
71600,27710,1027,3827
71700,27738,1018,3841
71800,27780,1016,3851
71900,27820,1019,3860
72000,27858,1025,3861
72100,27896,1024,3870
72200,27935,1018,3879
72300,27969,1012,3885
72400,28004,1006,3878
72500,28046,1007,3883
72600,28080,1014,3890
72700,28124,1020,3908
72800,28165,1023,3908
72900,28208,1028,3910
73000,28250,1031,3916
73100,28289,1033,3925
73200,28329,1034,3936
73300,28378,1027,3948
73400,28418,1033,3947
73500,28460,1030,3955
73600,28499,1036,3966
73700,28542,1055,3968
73800,28582,1054,3978
73900,28623,1051,3988
74000,28657,1058,3999
74100,28698,1070,4016
74200,28736,1072,4019
74300,28774,1070,4031
74400,28822,1070,4035
74500,28855,1076,4047
74600,28887,1086,4049
74700,28925,1088,4044
74800,28978,1088,4046
74900,29022,1081,4051
75000,29056,1081,4060
75100,29100,1085,4060
75200,29140,1085,4070
75300,29181,1097,4087
75400,29228,1108,4091
75500,29262,1111,4094
75600,29306,1114,4096
75700,29342,1120,4104
75800,29374,1126,4116
75900,29407,1120,4121
76000,29442,1128,4130
76100,29469,1132,4131
76200,29512,1138,4133
76300,29549,1145,4144
76400,29584,1146,4161
76500,29619,1134,4161
76600,29653,1136,4172
76700,29688,1143,4175
76800,29726,1143,4175
76900,29769,1144,4174
77000,29809,1144,4171
77100,29849,1145,4180
77200,29890,1141,4191
77300,29934,1140,4199
77400,29979,1132,4214
77500,30018,1128,4214
77600,30059,1128,4228
77700,30096,1132,4230
77800,30131,1143,4242
77900,30178,1153,4241
78000,30219,1144,4237
78100,30256,1145,4240
78200,30295,1158,4259
78300,30334,1168,4268
78400,30375,1173,4277
78500,30406,1189,4282
78600,30436,1193,4293
78700,30483,1203,4294
78800,30526,1201,4301
78900,30562,1213,4302
79000,30606,1208,4308
79100,30644,1205,4307
79200,30679,1203,4313
79300,30718,1213,4323
79400,30754,1204,4327
79500,30785,1213,4324
79600,30829,1215,4319
79700,30866,1211,4331
79800,30912,1206,4327
79900,30955,1204,4321
80000,30998,1211,4325
80100,31038,1207,4330
80200,31089,1219,4328
80300,31130,1207,4329
80400,31174,1215,4328
80500,31204,1209,4331
80600,31251,1212,4331
80700,31285,1221,4327
80800,31323,1223,4331
80900,31362,1228,4338
81000,31399,1233,4349
81100,31443,1236,4349
81200,31482,1235,4369
81300,31526,1238,4378
81400,31564,1246,4390
81500,31599,1239,4395
81600,31632,1231,4404
81700,31668,1230,4406
81800,31689,1226,4414
81900,31720,1221,4426
82000,31757,1223,4433
82100,31789,1219,4435
82200,31821,1220,4435
82300,31867,1226,4447
82400,31902,1237,4459
82500,31947,1228,4460
82600,31988,1231,4470
82700,32026,1236,4472
82800,32050,1228,4479
82900,32084,1225,4481
83000,32123,1230,4485
83100,32157,1237,4491
83200,32199,1244,4495
83300,32242,1239,4505
83400,32285,1244,4510
83500,32318,1242,4507
83600,32362,1239,4520
83700,32408,1238,4524
83800,32451,1234,4530
83900,32487,1232,4534
84000,32526,1236,4546
84100,32569,1230,4535
84200,32610,1236,4543
84300,32638,1227,4558
84400,32671,1227,4557
84500,32714,1215,4557
84600,32749,1216,4566
84700,32787,1224,4568
84800,32832,1222,4586
84900,32867,1223,4594
85000,32904,1213,4595
85100,32944,1206,4604
85200,32988,1200,4617
85300,33024,1192,4629
85400,33070,1202,4640
85500,33104,1202,4643
85600,33145,1198,4653
85700,33173,1199,4660
85800,33204,1214,4666
85900,33246,1217,4672
86000,33298,1215,4674
86100,33341,1227,4672
86200,33374,1217,4673
86300,33407,1214,4676
86400,33443,1223,4676
86500,33480,1228,4677
86600,33514,1218,4683
86700,33553,1212,4695
86800,33586,1214,4699
86900,33621,1212,4708
87000,33654,1207,4713
87100,33686,1215,4723
87200,33719,1229,4727
87300,33756,1226,4726
87400,33796,1230,4734
87500,33844,1231,4752
87600,33882,1225,4761
87700,33920,1223,4767
87800,33962,1225,4783
87900,34000,1221,4796
88000,34039,1225,4799
88100,34088,1227,4812
88200,34123,1228,4812
88300,34161,1239,4822
88400,34193,1239,4832
88500,34234,1233,4845
88600,34273,1237,4856
88700,34316,1248,4872
88800,34358,1249,4878
88900,34401,1261,4870
89000,34433,1261,4875
89100,34470,1257,4881
89200,34519,1269,4890
89300,34556,1267,4894
89400,34603,1266,4908
89500,34643,1261,4909
89600,34696,1255,4922
89700,34733,1261,4920
89800,34762,1270,4930
89900,34795,1267,4935
90000,34829,1263,4938
90100,34866,1269,4954
90200,34901,1271,4958
90300,34940,1257,4969
90400,34980,1253,4974
90500,35017,1256,4968
90600,35053,1264,4973
90700,35085,1269,4977
90800,35120,1264,4984
90900,35161,1270,4995
91000,35200,1278,4999
91100,35233,1284,5007
91200,35270,1291,5009
91300,35307,1296,5021
91400,35341,1307,5027
91500,35381,1310,5038
91600,35418,1309,5025
91700,35451,1320,5015
91800,35490,1326,5018
91900,35536,1326,5026
92000,35577,1336,5018
92100,35619,1337,5013
92200,35659,1335,5022
92300,35696,1335,5035
92400,35733,1324,5039
92500,35763,1319,5046
92600,35810,1320,5055
92700,35860,1327,5063
92800,35902,1331,5084
92900,35948,1322,5077
93000,35980,1329,5089
93100,36020,1321,5096
93200,36056,1335,5094
93300,36096,1349,5109
93400,36127,1351,5115
93500,36169,1347,5121
93600,36201,1347,5127
93700,36233,1346,5131
93800,36274,1329,5145
93900,36313,1328,5150
94000,36355,1335,5156
94100,36397,1328,5152
94200,36444,1329,5170
94300,36487,1321,5182
94400,36519,1321,5184
94500,36555,1328,5192
94600,36602,1326,5196
94700,36641,1328,5209
94800,36681,1334,5215
94900,36723,1338,5212
95000,36758,1341,5207
95100,36788,1337,5215
95200,36833,1346,5225
95300,36862,1356,5230
95400,36897,1353,5223
95500,36928,1345,5223
95600,36973,1346,5237
95700,37007,1350,5244
95800,37045,1349,5243
95900,37085,1349,5256
96000,37121,1355,5257
96100,37161,1342,5258
96200,37191,1338,5266
96300,37233,1333,5272
96400,37272,1337,5269
96500,37304,1334,5290
96600,37340,1328,5303
96700,37382,1334,5320
96800,37422,1339,5326
96900,37459,1327,5332
97000,37496,1323,5336
97100,37532,1337,5345
97200,37571,1351,5352
97300,37610,1356,5359
97400,37653,1349,5379
97500,37696,1361,5387
97600,37731,1379,5387
97700,37772,1383,5387
97800,37812,1378,5390
97900,37852,1374,5395
98000,37896,1364,5414
98100,37942,1370,5409
98200,37977,1364,5401
98300,38021,1365,5408
98400,38061,1362,5416
98500,38102,1372,5424
98600,38148,1374,5437
98700,38190,1361,5433
98800,38227,1373,5433
98900,38260,1389,5443
99000,38306,1387,5447
99100,38334,1373,5454
99200,38371,1373,5452
99300,38411,1384,5462
99400,38441,1375,5472
99500,38481,1384,5479
99600,38514,1387,5491
99700,38551,1374,5496
99800,38594,1364,5506
99900,38628,1366,5512
